<?xml version="1.0" encoding="UTF-8"?>
<modification>
	<name>MoveX Courier Paksitan Shippine Method</name>
	<code>movex_COD_service</code>
	<version>1.0.0</version>
	<ocversion>3.0.3.x</ocversion>
	<author>Rana Mansoor Akbar Khan / Sutlej Solutions</author>
	<authorEmail>mansoor@sutlej.net</authorEmail>
    <link>https://sutlej.net/</link>
    <license>GNU/GPL</license>
    <date>2021.09.30</date>
    <description>Weight Based Shipping Method for MoveX courier Service in Pakistan</description>

</modification>